-- phpMyAdmin SQL Dump
-- version 4.8.5
-- https://www.phpmyadmin.net/
--
-- Host: 127.0.0.1
-- Generation Time: Mar 08, 2020 at 06:34 AM
-- Server version: 10.1.38-MariaDB
-- PHP Version: 7.1.28

SET SQL_MODE = "NO_AUTO_VALUE_ON_ZERO";
SET AUTOCOMMIT = 0;
START TRANSACTION;
SET time_zone = "+00:00";


/*!40101 SET @OLD_CHARACTER_SET_CLIENT=@@CHARACTER_SET_CLIENT */;
/*!40101 SET @OLD_CHARACTER_SET_RESULTS=@@CHARACTER_SET_RESULTS */;
/*!40101 SET @OLD_COLLATION_CONNECTION=@@COLLATION_CONNECTION */;
/*!40101 SET NAMES utf8mb4 */;

--
-- Database: `leavemngmnt`
--

-- --------------------------------------------------------

--
-- Table structure for table `comments`
--

CREATE TABLE `comments` (
  `cid` int(1) NOT NULL,
  `uid` varchar(128) DEFAULT NULL,
  `date` date DEFAULT NULL,
  `messege` text
) ENGINE=InnoDB DEFAULT CHARSET=latin1;

--
-- Dumping data for table `comments`
--

INSERT INTO `comments` (`cid`, `uid`, `date`, `messege`) VALUES
(1, NULL, NULL, NULL);

-- --------------------------------------------------------

--
-- Table structure for table `tbllogin`
--

CREATE TABLE `tbllogin` (
  `user_id` int(4) NOT NULL,
  `username` varchar(10) NOT NULL,
  `password` text NOT NULL,
  `type` int(11) NOT NULL DEFAULT '0',
  `EMP_ID` varchar(50) NOT NULL
) ENGINE=InnoDB DEFAULT CHARSET=latin1;

--
-- Dumping data for table `tbllogin`
--

INSERT INTO `tbllogin` (`user_id`, `username`, `password`, `type`, `EMP_ID`) VALUES
(1000, 'admin', 'admin', 1, 'EP5438'),
(1005, 'EP5438', 'EP5438', 0, 'EP5438'),
(1006, 'EV100123', 'EV100123', 0, 'EV100123'),
(1007, 'EV100130', 'EV100130', 0, 'EV100130'),
(1008, 'EV100145', 'EV100145', 0, 'EV100145'),
(1009, 'EV100179', 'EV100179', 0, 'EV100179'),
(1010, 'EV100197', 'EV100197', 0, 'EV100197'),
(1011, 'EV100266', 'EV100266', 0, 'EV100266'),
(1012, 'EV100414', 'EV100414', 0, 'EV100414'),
(1013, 'EV100485', 'EV100485', 0, 'EV100485'),
(1014, 'EV100497', 'EV100497', 0, 'EV100497'),
(1015, 'EV100543', 'EV100543', 0, 'EV100543'),
(1016, 'EV100544', 'EV100544', 0, 'EV100544'),
(1017, 'EV100553', 'EV100553', 0, 'EV100553'),
(1018, 'EV100567', 'EV100567', 0, 'EV100567'),
(1019, 'EV100672', 'EV100672', 0, 'EV100672'),
(1020, 'EV100679', 'EV100679', 0, 'EV100679'),
(1021, 'EV100695', 'EV100695', 0, 'EV100695'),
(1022, 'EV100725', 'EV100725', 0, 'EV100725'),
(1023, 'EV100748', 'EV100748', 0, 'EV100748'),
(1024, 'EV100756', 'EV100756', 0, 'EV100756'),
(1025, 'EV100818', 'EV100818', 0, 'EV100818'),
(1026, 'EV100937', 'EV100937', 0, 'EV100937'),
(1027, 'EV100983', 'EV100983', 0, 'EV100983'),
(1028, 'EV101000', 'EV101000', 0, 'EV101000'),
(1029, 'EV101079', 'EV101079', 0, 'EV101079'),
(1030, 'EV101137', 'EV101137', 0, 'EV101137'),
(1031, 'EV101306', 'EV101306', 0, 'EV101306'),
(1032, 'EV101664', 'EV101664', 0, 'EV101664'),
(1033, 'EV101717', 'EV101717', 0, 'EV101717'),
(1034, 'EV101719', 'EV101719', 0, 'EV101719'),
(1035, 'EV101828', 'EV101828', 0, 'EV101828'),
(1036, 'EV101839', 'EV101839', 0, 'EV101839'),
(1037, 'EV101932', 'EV101932', 0, 'EV101932'),
(1038, 'EV102181', 'EV102181', 0, 'EV102181'),
(1039, 'EV102185', 'EV102185', 0, 'EV102185'),
(1040, 'EV102188', 'EV102188', 0, 'EV102188'),
(1041, 'EV102281', 'EV102281', 0, 'EV102281'),
(1042, 'EV102287', 'EV102287', 0, 'EV102287'),
(1043, 'EV102294', 'EV102294', 0, 'EV102294'),
(1044, 'EV102616', 'EV102616', 0, 'EV102616'),
(1045, 'EV102618', 'EV102618', 0, 'EV102618'),
(1046, 'EV103005', 'EV103005', 0, 'EV103005'),
(1047, 'EV103012', 'EV103012', 0, 'EV103012'),
(1048, 'EV103013', 'EV103013', 0, 'EV103013'),
(1049, 'EV103104', 'EV103104', 0, 'EV103104'),
(1050, 'EV103105', 'EV103105', 0, 'EV103105'),
(1051, 'EV103153', 'EV103153', 0, 'EV103153'),
(1052, 'EV103155', 'EV103155', 0, 'EV103155'),
(1053, 'EV103160', 'EV103160', 0, 'EV103160'),
(1054, 'EV103347', 'EV103347', 0, 'EV103347'),
(1055, 'EV103352', 'EV103352', 0, 'EV103352'),
(1056, 'EV103354', 'EV103354', 0, 'EV103354'),
(1057, 'EV103357', 'EV103357', 0, 'EV103357'),
(1058, 'EV103506', 'EV103506', 0, 'EV103506'),
(1059, 'EV103512', 'EV103512', 0, 'EV103512'),
(1060, 'EV103514', 'EV103514', 0, 'EV103514'),
(1061, 'EV103784', 'EV103784', 0, 'EV103784'),
(1062, 'EV103785', 'EV103785', 0, 'EV103785'),
(1063, 'EV103787', 'EV103787', 0, 'EV103787'),
(1064, 'EV103788', 'EV103788', 0, 'EV103788'),
(1065, 'EV103790', 'EV103790', 0, 'EV103790'),
(1066, 'EV103792', 'EV103792', 0, 'EV103792'),
(1067, 'EV103793', 'EV103793', 0, 'EV103793'),
(1068, 'EV103873', 'EV103873', 0, 'EV103873'),
(1069, 'EV103876', 'EV103876', 0, 'EV103876'),
(1070, 'EV103878', 'EV103878', 0, 'EV103878'),
(1071, 'EV103881', 'EV103881', 0, 'EV103881'),
(1072, 'EV103884', 'EV103884', 0, 'EV103884'),
(1073, 'EV103917', 'EV103917', 0, 'EV103917'),
(1074, 'EV103918', 'EV103918', 0, 'EV103918'),
(1075, 'EV104045', 'EV104045', 0, 'EV104045'),
(1076, 'EV104252', 'EV104252', 0, 'EV104252'),
(1077, 'EV104254', 'EV104254', 0, 'EV104254'),
(1078, 'EV104384', 'EV104384', 0, 'EV104384'),
(1079, 'EV104442', 'EV104442', 0, 'EV104442'),
(1080, 'EV104449', 'EV104449', 0, 'EV104449'),
(1081, 'EV104450', 'EV104450', 0, 'EV104450'),
(1082, 'EV104463', 'EV104463', 0, 'EV104463'),
(1083, 'EV104464', 'EV104464', 0, 'EV104464'),
(1084, 'EV104594', 'EV104594', 0, 'EV104594'),
(1085, 'EV104632', 'EV104632', 0, 'EV104632'),
(1086, 'EV104639', 'EV104639', 0, 'EV104639'),
(1087, 'EV104640', 'EV104640', 0, 'EV104640'),
(1088, 'EV104654', 'EV104654', 0, 'EV104654'),
(1089, 'EV104656', 'EV104656', 0, 'EV104656'),
(1090, 'EV104658', 'EV104658', 0, 'EV104658'),
(1091, 'EV104667', 'EV104667', 0, 'EV104667'),
(1092, 'EV104670', 'EV104670', 0, 'EV104670'),
(1093, 'EV104789', 'EV104789', 0, 'EV104789'),
(1094, 'EV104831', 'EV104831', 0, 'EV104831'),
(1095, 'EV104844', 'EV104844', 0, 'EV104844'),
(1096, 'EV104845', 'EV104845', 0, 'EV104845'),
(1097, 'EV104847', 'EV104847', 0, 'EV104847'),
(1098, 'EV104848', 'EV104848', 0, 'EV104848'),
(1099, 'EV104849', 'EV104849', 0, 'EV104849'),
(1100, 'EV104877', 'EV104877', 0, 'EV104877'),
(1101, 'EV104927', 'EV104927', 0, 'EV104927'),
(1102, 'EV104928', 'EV104928', 0, 'EV104928'),
(1103, 'EV104971', 'EV104971', 0, 'EV104971'),
(1104, 'EV104976', 'EV104976', 0, 'EV104976'),
(1105, 'EV104978', 'EV104978', 0, 'EV104978'),
(1106, 'EV104984', 'EV104984', 0, 'EV104984'),
(1107, 'EV104985', 'EV104985', 0, 'EV104985'),
(1108, 'EV104999', 'EV104999', 0, 'EV104999'),
(1109, 'EV105009', 'EV105009', 0, 'EV105009'),
(1110, 'EV105017', 'EV105017', 0, 'EV105017'),
(1111, 'EV105029', 'EV105029', 0, 'EV105029'),
(1112, 'EV105030', 'EV105030', 0, 'EV105030'),
(1113, 'EV105047', 'EV105047', 0, 'EV105047'),
(1114, 'EV105048', 'EV105048', 0, 'EV105048'),
(1115, 'EV105052', 'EV105052', 0, 'EV105052'),
(1116, 'EV105056', 'EV105056', 0, 'EV105056'),
(1117, 'EV105064', 'EV105064', 0, 'EV105064'),
(1118, 'EV105147', 'EV105147', 0, 'EV105147'),
(1119, 'EV105149', 'EV105149', 0, 'EV105149'),
(1120, 'EV105320', 'EV105320', 0, 'EV105320'),
(1121, 'EV105322', 'EV105322', 0, 'EV105322'),
(1122, 'EV105365', 'EV105365', 0, 'EV105365'),
(1123, 'EV105366', 'EV105366', 0, 'EV105366'),
(1124, 'EV105412', 'EV105412', 0, 'EV105412'),
(1125, 'EV105414', 'EV105414', 0, 'EV105414'),
(1126, 'EV105415', 'EV105415', 0, 'EV105415'),
(1127, 'EV105417', 'EV105417', 0, 'EV105417'),
(1128, 'EV105419', 'EV105419', 0, 'EV105419'),
(1129, 'EV105420', 'EV105420', 0, 'EV105420'),
(1130, 'EV105445', 'EV105445', 0, 'EV105445'),
(1131, 'EV105447', 'EV105447', 0, 'EV105447'),
(1132, 'EV105451', 'EV105451', 0, 'EV105451'),
(1133, 'EV105452', 'EV105452', 0, 'EV105452'),
(1134, 'EV105453', 'EV105453', 0, 'EV105453'),
(1135, 'EV105454', 'EV105454', 0, 'EV105454'),
(1136, 'EV105455', 'EV105455', 0, 'EV105455'),
(1137, 'EV105480', 'EV105480', 0, 'EV105480'),
(1138, 'EV105489', 'EV105489', 0, 'EV105489'),
(1139, 'EV105494', 'EV105494', 0, 'EV105494'),
(1140, 'EV105495', 'EV105495', 0, 'EV105495'),
(1141, 'EV105496', 'EV105496', 0, 'EV105496'),
(1142, 'EV105510', 'EV105510', 0, 'EV105510'),
(1143, 'EV105513', 'EV105513', 0, 'EV105513'),
(1144, 'EV105514', 'EV105514', 0, 'EV105514'),
(1145, 'EV105515', 'EV105515', 0, 'EV105515'),
(1146, 'EV105519', 'EV105519', 0, 'EV105519'),
(1147, 'EV105525', 'EV105525', 0, 'EV105525'),
(1148, 'EV105528', 'EV105528', 0, 'EV105528'),
(1149, 'EV105548', 'EV105548', 0, 'EV105548'),
(1150, 'EV105555', 'EV105555', 0, 'EV105555'),
(1151, 'EV105713', 'EV105713', 0, 'EV105713'),
(1152, 'EV105714', 'EV105714', 0, 'EV105714'),
(1153, 'EV105717', 'EV105717', 0, 'EV105717'),
(1154, 'EV105722', 'EV105722', 0, 'EV105722'),
(1155, 'EV105724', 'EV105724', 0, 'EV105724'),
(1156, 'EV105740', 'EV105740', 0, 'EV105740'),
(1157, 'EV105744', 'EV105744', 0, 'EV105744'),
(1158, 'EV105749', 'EV105749', 0, 'EV105749'),
(1159, 'EV105752', 'EV105752', 0, 'EV105752'),
(1160, 'EV105782', 'EV105782', 0, 'EV105782'),
(1161, 'EV105783', 'EV105783', 0, 'EV105783'),
(1162, 'EV105784', 'EV105784', 0, 'EV105784'),
(1163, 'EV106019', 'EV106019', 0, 'EV106019'),
(1164, 'EV106028', 'EV106028', 0, 'EV106028'),
(1165, 'EV106042', 'EV106042', 0, 'EV106042'),
(1166, 'EV106056', 'EV106056', 0, 'EV106056'),
(1167, 'EV106066', 'EV106066', 0, 'EV106066'),
(1168, 'EV106073', 'EV106073', 0, 'EV106073'),
(1169, 'EV106076', 'EV106076', 0, 'EV106076'),
(1170, 'EV106121', 'EV106121', 0, 'EV106121'),
(1171, 'EV106123', 'EV106123', 0, 'EV106123'),
(1172, 'EV106124', 'EV106124', 0, 'EV106124'),
(1173, 'EV106128', 'EV106128', 0, 'EV106128'),
(1174, 'EV106151', 'EV106151', 0, 'EV106151'),
(1175, 'EV106152', 'EV106152', 0, 'EV106152'),
(1176, 'EV106247', 'EV106247', 0, 'EV106247'),
(1177, 'EV106248', 'EV106248', 0, 'EV106248'),
(1178, 'EV106252', 'EV106252', 0, 'EV106252'),
(1179, 'EV106346', 'EV106346', 0, 'EV106346'),
(1180, 'EV106372', 'EV106372', 0, 'EV106372'),
(1181, 'EV106374', 'EV106374', 0, 'EV106374'),
(1182, 'EV106376', 'EV106376', 0, 'EV106376'),
(1183, 'EV106391', 'EV106391', 0, 'EV106391'),
(1184, 'EV106394', 'EV106394', 0, 'EV106394'),
(1185, 'EV106395', 'EV106395', 0, 'EV106395'),
(1186, 'EV106396', 'EV106396', 0, 'EV106396'),
(1187, 'EV106397', 'EV106397', 0, 'EV106397'),
(1188, 'EV106399', 'EV106399', 0, 'EV106399'),
(1189, 'EV106463', 'EV106463', 0, 'EV106463'),
(1190, 'EV106464', 'EV106464', 0, 'EV106464'),
(1191, 'EV106465', 'EV106465', 0, 'EV106465'),
(1192, 'EV106466', 'EV106466', 0, 'EV106466'),
(1193, 'EV106510', 'EV106510', 0, 'EV106510'),
(1194, 'EV106511', 'EV106511', 0, 'EV106511'),
(1195, 'EV106512', 'EV106512', 0, 'EV106512'),
(1196, 'EV106514', 'EV106514', 0, 'EV106514'),
(1197, 'EV106546', 'EV106546', 0, 'EV106546'),
(1198, 'EV106547', 'EV106547', 0, 'EV106547'),
(1199, 'EV106548', 'EV106548', 0, 'EV106548'),
(1200, 'EV106550', 'EV106550', 0, 'EV106550'),
(1201, 'EV106573', 'EV106573', 0, 'EV106573'),
(1202, 'EV106580', 'EV106580', 0, 'EV106580'),
(1203, 'EV106581', 'EV106581', 0, 'EV106581'),
(1204, 'EV106646', 'EV106646', 0, 'EV106646'),
(1205, 'EV106647', 'EV106647', 0, 'EV106647'),
(1206, 'EV106650', 'EV106650', 0, 'EV106650'),
(1207, 'EV106653', 'EV106653', 0, 'EV106653'),
(1208, 'EV106684', 'EV106684', 0, 'EV106684'),
(1209, 'EV106687', 'EV106687', 0, 'EV106687'),
(1210, 'EV106692', 'EV106692', 0, 'EV106692'),
(1211, 'EV106738', 'EV106738', 0, 'EV106738'),
(1212, 'EV106739', 'EV106739', 0, 'EV106739'),
(1213, 'EV106740', 'EV106740', 0, 'EV106740'),
(1214, 'EV106782', 'EV106782', 0, 'EV106782'),
(1215, 'EV106870', 'EV106870', 0, 'EV106870'),
(1216, 'EV106872', 'EV106872', 0, 'EV106872'),
(1217, 'EV106873', 'EV106873', 0, 'EV106873'),
(1218, 'EV106874', 'EV106874', 0, 'EV106874'),
(1219, 'EV106878', 'EV106878', 0, 'EV106878'),
(1220, 'EV106885', 'EV106885', 0, 'EV106885'),
(1221, 'EV106889', 'EV106889', 0, 'EV106889'),
(1222, 'EV106962', 'EV106962', 0, 'EV106962'),
(1223, 'EV106964', 'EV106964', 0, 'EV106964'),
(1224, 'EV107015', 'EV107015', 0, 'EV107015'),
(1225, 'EV107262', 'EV107262', 0, 'EV107262'),
(1226, 'EV107263', 'EV107263', 0, 'EV107263'),
(1227, 'EV107264', 'EV107264', 0, 'EV107264'),
(1228, 'EV107265', 'EV107265', 0, 'EV107265'),
(1229, 'EV107268', 'EV107268', 0, 'EV107268'),
(1230, 'EV107270', 'EV107270', 0, 'EV107270'),
(1231, 'EV107272', 'EV107272', 0, 'EV107272'),
(1232, 'EV107273', 'EV107273', 0, 'EV107273'),
(1233, 'EV107274', 'EV107274', 0, 'EV107274'),
(1234, 'EV107277', 'EV107277', 0, 'EV107277'),
(1235, 'EV107278', 'EV107278', 0, 'EV107278'),
(1236, 'EV107279', 'EV107279', 0, 'EV107279'),
(1237, 'EV107281', 'EV107281', 0, 'EV107281'),
(1238, 'EV107285', 'EV107285', 0, 'EV107285'),
(1239, 'EV107287', 'EV107287', 0, 'EV107287'),
(1240, 'EV107288', 'EV107288', 0, 'EV107288'),
(1241, 'EV107289', 'EV107289', 0, 'EV107289'),
(1242, 'EV107291', 'EV107291', 0, 'EV107291'),
(1243, 'EV107292', 'EV107292', 0, 'EV107292'),
(1244, 'EV107346', 'EV107346', 0, 'EV107346'),
(1245, 'EV107347', 'EV107347', 0, 'EV107347'),
(1246, 'EV107349', 'EV107349', 0, 'EV107349'),
(1247, 'EV107379', 'EV107379', 0, 'EV107379'),
(1248, 'EV107380', 'EV107380', 0, 'EV107380'),
(1249, 'EV107399', 'EV107399', 0, 'EV107399'),
(1250, 'EV107400', 'EV107400', 0, 'EV107400'),
(1251, 'EV107402', 'EV107402', 0, 'EV107402'),
(1252, 'EV107403', 'EV107403', 0, 'EV107403'),
(1253, 'EV107485', 'EV107485', 0, 'EV107485'),
(1254, 'EV107487', 'EV107487', 0, 'EV107487'),
(1255, 'asdfsdf', 'asdfsdf', 0, 'asdfsdf'),
(1256, 'dsadsa', 'dsadsa', 0, 'dsadsa'),
(1257, '12345678', '12345678', 0, '12345678');

-- --------------------------------------------------------

--
-- Table structure for table `tblpto`
--

CREATE TABLE `tblpto` (
  `EMP_ID` varchar(50) NOT NULL,
  `EMP_NAME` varchar(50) NOT NULL,
  `DEPARTMENT` varchar(30) NOT NULL,
  `HIRING_DATE` date NOT NULL,
  `EMPLOYMENT_STATUS` varchar(30) NOT NULL,
  `LEAVE_COUNT` int(2) NOT NULL
) ENGINE=InnoDB DEFAULT CHARSET=latin1;

--
-- Dumping data for table `tblpto`
--

INSERT INTO `tblpto` (`EMP_ID`, `EMP_NAME`, `DEPARTMENT`, `HIRING_DATE`, `EMPLOYMENT_STATUS`, `LEAVE_COUNT`) VALUES
('EP5438', 'Marturillas, Marlon Sta. Cruz', 'Junior Highschool', '2019-03-01', 'REGULAR', 12),
('EV100123', 'Ala, Kris Gagarin', 'Junior Highschool', '2019-02-23', 'REGULAR', 12),
('EV100130', 'Caspe, Julius Macadenden', 'Junior Highschool', '2019-04-01', 'REGULAR', 12),
('EV100145', 'Tuble, Irene Mae Supangan', 'Junior Highschool', '2013-10-26', 'REGULAR', 12),
('EV100179', 'Patlunag, Cherry Pearl Ragasajo', 'Junior Highschool', '2013-11-04', 'REGULAR', 12),
('EV100197', 'Tizon, Hazel Garay', 'Pre school', '2013-11-04', 'TRAINEE', 10),
('EV100266', 'Estreba, Marcelo Carcuevas', 'Pre school', '2013-11-11', 'REGULAR', 12),
('EV100414', 'de Leon, Shedyn May Dialino', 'Pre school', '2013-11-14', 'REGULAR', 12),
('EV100485', 'Valderas, Annaliza Antonio', 'Pre school', '2013-11-23', 'REGULAR', 12),
('EV100497', 'Baltazar, Sheryl De Guzman', 'Pre school', '2013-11-23', 'REGULAR', 12),
('EV100543', 'Bravo, Joemar Jasson Marcos', 'Elementary', '2013-11-29', 'REGULAR', 12),
('EV100544', 'Fabregas, Kent Se?orin', 'Elementary', '2013-11-29', 'TRAINEE', 10),
('EV100553', 'Miranda, Mark Oliver Lobarbio', 'Elementary', '2013-11-29', 'REGULAR', 12),
('EV100567', 'Corto, Ana Rhoda Morfe', 'Elementary', '2013-11-26', 'REGULAR', 12),
('EV100672', 'Cunanan, Christine Hernandez', 'Elementary', '2013-12-03', 'REGULAR', 12),
('EV100679', 'Romion, Myra Rio', 'Senior Highschool', '2013-12-03', 'REGULAR', 12),
('EV100695', 'Gallardo, Janine Basarte', 'Senior Highschool', '2013-12-03', 'REGULAR', 12),
('EV100725', 'Ibay, Jessica Manalad', 'Senior Highschool', '2013-12-10', 'REGULAR', 12),
('EV100748', 'De Mesa, Nikko Moral', 'Senior Highschool', '2013-12-13', 'REGULAR', 12),
('EV100756', 'Pesidas, Leo Vingilio Samora', 'Senior Highschool', '2013-12-13', 'REGULAR', 12),
('EV100818', 'Amutan, Anna Marie Tapia', 'Administration', '2014-01-02', 'REGULAR', 12),
('EV100937', 'Pilariza, Tricia Gatmaitan', 'Administration', '2014-01-25', 'REGULAR', 12),
('EV100983', 'Aguilar, Carlo Vher Iman', 'Administration', '2014-01-25', 'REGULAR', 12),
('EV101000', 'San Juan, John Angelo Magpantay', 'Administration', '2014-01-25', 'REGULAR', 12),
('EV101079', 'Pimentel, Angelina Flor', 'Administration', '2014-02-17', 'REGULAR', 12);

-- --------------------------------------------------------

--
-- Table structure for table `tblschedule`
--

CREATE TABLE `tblschedule` (
  `id` int(4) NOT NULL,
  `EMP_ID` varchar(50) CHARACTER SET latin1 NOT NULL,
  `start` text NOT NULL,
  `amt` int(11) NOT NULL DEFAULT '0',
  `status` enum('Pending','Approved','Declined','') NOT NULL DEFAULT 'Pending'
) ENGINE=InnoDB DEFAULT CHARSET=utf8;

--
-- Dumping data for table `tblschedule`
--

INSERT INTO `tblschedule` (`id`, `EMP_ID`, `start`, `amt`, `status`) VALUES
(1, 'EP5438', '04/24/2019', 2, 'Approved'),
(4, 'EV100123', '04/25/2019', 2, 'Approved'),
(5, 'EV100130', '04/24/2019', 1, 'Approved'),
(6, 'EV100145', '04/24/2019', 1, 'Approved'),
(7, 'EV100179', '04/24/2019', 1, 'Approved'),
(8, 'EV100197', '04/24/2019', 1, 'Approved'),
(9, 'EV100266', '04/24/2019', 1, 'Approved'),
(10, 'EV100414', '04/26/2019', 1, 'Approved'),
(11, 'EV100485', '04/24/2019', 1, 'Approved'),
(12, 'EV100543', '04/26/2019', 1, 'Declined'),
(13, 'EV100543', '04/26/2019', 1, 'Approved'),
(14, 'EV100543', '04/26/2019', 1, 'Declined'),
(15, 'EV100123', '12/10/2019', 1, 'Approved'),
(16, 'EV100485', '03/03/2020', 1, 'Approved'),
(17, 'EV100123', '03/25/2020', 3, 'Approved');

--
-- Indexes for dumped tables
--

--
-- Indexes for table `comments`
--
ALTER TABLE `comments`
  ADD PRIMARY KEY (`cid`);

--
-- Indexes for table `tbllogin`
--
ALTER TABLE `tbllogin`
  ADD PRIMARY KEY (`user_id`),
  ADD UNIQUE KEY `user` (`username`);

--
-- Indexes for table `tblpto`
--
ALTER TABLE `tblpto`
  ADD PRIMARY KEY (`EMP_ID`),
  ADD UNIQUE KEY `EMP_ID` (`EMP_ID`);

--
-- Indexes for table `tblschedule`
--
ALTER TABLE `tblschedule`
  ADD PRIMARY KEY (`id`),
  ADD UNIQUE KEY `SCHEDULE_ID` (`id`),
  ADD KEY `EMP_ID` (`EMP_ID`);

--
-- AUTO_INCREMENT for dumped tables
--

--
-- AUTO_INCREMENT for table `tbllogin`
--
ALTER TABLE `tbllogin`
  MODIFY `user_id` int(4) NOT NULL AUTO_INCREMENT, AUTO_INCREMENT=1258;

--
-- AUTO_INCREMENT for table `tblschedule`
--
ALTER TABLE `tblschedule`
  MODIFY `id` int(4) NOT NULL AUTO_INCREMENT, AUTO_INCREMENT=18;

--
-- Constraints for dumped tables
--

--
-- Constraints for table `tblschedule`
--
ALTER TABLE `tblschedule`
  ADD CONSTRAINT `tblschedule_ibfk_1` FOREIGN KEY (`EMP_ID`) REFERENCES `tblpto` (`EMP_ID`) ON DELETE NO ACTION ON UPDATE NO ACTION;
COMMIT;

/*!40101 SET CHARACTER_SET_CLIENT=@OLD_CHARACTER_SET_CLIENT */;
/*!40101 SET CHARACTER_SET_RESULTS=@OLD_CHARACTER_SET_RESULTS */;
/*!40101 SET COLLATION_CONNECTION=@OLD_COLLATION_CONNECTION */;
